date,symbol,score,bias,ret_1d,ret_3d,ret_5d,ret_10d,ret_20d,ret_30d,ret_60d,bucket
2026-04-27,GBPJPY,12,Very Bullish,0.04033923734854389,0.18919321666819267,-1.2200478863046271,,,,,Very Bullish
2026-04-27,GBPUSD,11,Very Bullish,0.17098442396727967,-0.19612270657273476,0.4906904560084465,,,,,Very Bullish
2026-04-27,AUDJPY,6,Bullish,0.5308024958072433,0.15441661024448347,-0.7825988297431199,,,,,Bullish
2026-04-27,NZDJPY,5,Bullish,0.5776277623656818,-0.12918627391563034,-1.1104040445510583,,,,,Bullish
2026-04-27,AUDUSD,2,Neutral,0.6634984882941358,-0.17301074151811396,0.971863956067704,,,,,Neutral
2026-04-27,USDJPY,1,Neutral,-0.1372445692869928,0.3810107369755114,-1.7107904179901785,,,,,Neutral
2026-04-27,USDCHF,1,Neutral,-0.12844979030732817,0.5417783985278873,-0.657508286319093,,,,,Neutral
2026-04-27,NZDUSD,1,Neutral,0.7106906138908587,-0.5174769016159351,0.6065962314645652,,,,,Neutral
2026-04-27,CADJPY,1,Neutral,0.27000363466431276,0.44143056934485664,-1.0654379521995212,,,,,Neutral
2026-04-27,EURUSD,0,Neutral,0.1453755829508942,-0.18578258163043665,0.17238147017320937,,,,,Neutral
2026-04-27,EURJPY,0,Neutral,-0.012309427477664352,0.20020993822497074,-1.5336631802480003,,,,,Neutral
2026-04-27,CHFJPY,0,Neutral,-0.012611563833915405,-0.1654995141878213,-1.0433681373389525,,,,,Neutral
2026-04-27,USDCAD,-1,Neutral,-0.3985090993404961,-0.034361145929398394,-0.6427329924530999,,,,,Neutral
2026-04-20,GBPUSD,14,Very Bullish,0.3477522874950272,0.11879945188524951,0.22799805507669185,0.7198072757812846,,,,Very Bullish
2026-04-20,GBPJPY,12,Very Bullish,0.1620572899185717,0.3326192098828921,0.4957289122151518,-0.7303671042047574,,,,Very Bullish
2026-04-20,AUDUSD,4,Bullish,0.5494070819355616,0.32239979797070156,0.11915919255445515,1.0921812138649374,,,,Bullish
2026-04-20,AUDJPY,4,Bullish,0.37082500145827413,0.5390641401383977,0.3954879788481704,-0.3902059351891899,,,,Bullish
2026-04-20,NZDJPY,4,Bullish,0.5035933230701216,0.8850466880214717,0.35465631102501755,-0.7596858515479181,,,,Bullish
2026-04-20,EURUSD,3,Neutral,0.3676725907713601,-0.29967757957660135,-0.29617477550579474,-0.12430385576488448,,,,Neutral
2026-04-20,NZDUSD,1,Neutral,0.7022735247911548,0.6921619242243767,0.09686811718847099,0.7040519470013922,,,,Neutral
2026-04-20,USDCHF,-1,Neutral,-0.6571753257791726,0.14802664479606328,0.3368819315233396,-0.32284138141063107,,,,Neutral
2026-04-20,USDCAD,-1,Neutral,-0.44508861629977664,-0.25757209509222173,-0.21160193020763468,-0.8529748872426225,,,,Neutral
2026-04-20,EURJPY,-1,Neutral,0.18304602169308506,-0.08455690678193105,-0.019264993538591398,-1.552632713674013,,,,Neutral
2026-04-20,CADJPY,-2,Neutral,0.26096288899421294,0.4771385930108468,0.47972095270805754,-0.5908281285862684,,,,Neutral
2026-04-20,USDJPY,-3,Neutral,-0.1991702438217678,0.20545932588901591,0.2607476433917902,-1.4545036202966701,,,,Neutral
2026-04-20,CHFJPY,-4,Bearish,0.47660246182603444,0.07720543529871882,-0.06566933647816656,-1.1083523008843041,,,,Bearish
2026-04-13,GBPUSD,10,Very Bullish,0.9028264121714692,1.3385045470172918,0.6715262049010653,0.9010553266642619,,,,Very Bullish
2026-04-13,GBPJPY,8,Bullish,0.616271927624703,0.7836657010358051,0.33443794768755514,0.8318247655028131,,,,Bullish
2026-04-13,AUDJPY,7,Bullish,0.8404647817211468,1.66843184465036,1.2928127702180723,1.693413668161469,,,,Bullish
2026-04-13,AUDUSD,5,Bullish,1.1310697108496035,2.2208401065257415,1.6396269646149608,1.760739923421356,,,,Bullish
2026-04-13,NZDJPY,4,Bullish,0.8720308140005462,1.3058765804719672,0.7230954899554701,1.080316304770352,,,,Bullish
2026-04-13,EURUSD,2,Neutral,0.8026383151998004,1.1478455917023642,0.5659279631882371,0.2680770518079451,,,,Neutral
2026-04-13,USDCAD,2,Neutral,-0.632176085375394,-1.0192687903273485,-1.2088494340250424,-1.417893415496976,,,,Neutral
2026-04-13,USDCHF,1,Neutral,-1.1872124004975564,-1.4256655749312912,-1.1291801967981292,-0.7961022693321422,,,,Neutral
2026-04-13,NZDUSD,0,Neutral,1.166183662091704,1.8588000024234947,1.0492911123564042,1.1471756580892407,,,,Neutral
2026-04-13,USDJPY,-2,Neutral,-0.29182626537680456,-0.5454577770710691,-0.32502330673110624,-0.06512315395209153,,,,Neutral
2026-04-13,EURJPY,-3,Neutral,0.49242548567491357,0.5787935207276327,0.2252919034141484,0.20598350740492127,,,,Neutral
2026-04-13,CADJPY,-3,Neutral,0.3353794124609288,0.48655668408570535,0.8818873043241698,1.3658388552103427,,,,Neutral
2026-04-13,CHFJPY,-4,Bearish,0.9047763117408214,0.8984284395581821,0.7937415737299294,0.727550992426943,,,,Bearish
2026-04-06,USDCHF,9,Very Bullish,-0.3807063829084402,-1.2170015966738355,-1.0659719202352016,-2.1831153732066064,-2.498908754788589,,,Very Bullish
2026-04-06,USDCAD,7,Bullish,-0.24451850711471496,-0.682643015545325,-0.5234602279386051,-1.7259818159608655,-2.5642345117549676,,,Bullish
2026-04-06,GBPJPY,7,Bullish,0.3047252916777418,0.8491517825133138,1.5127118552000804,1.8522088853705931,1.1083138567659312,,,Bullish
2026-04-06,USDJPY,5,Bullish,-0.060708551014760095,-0.7122296263458876,-0.06258987625463862,-0.3874097513002631,-1.8362784827388887,,,Bullish
2026-04-06,AUDJPY,2,Neutral,0.4072857539600077,1.5218698300303328,1.8955226033882957,3.212840931885342,2.8100983006917475,,,Neutral
2026-04-06,GBPUSD,1,Neutral,0.36261772916918855,1.5751464695917223,1.5778676168201615,2.259989616246822,2.9960644617177525,,,Neutral
2026-04-06,NZDJPY,0,Neutral,0.4459195401043663,1.7285986761099519,2.018167073707724,2.755855838752941,1.9752341403089593,,,Neutral
2026-04-06,AUDUSD,-3,Neutral,0.4560267071677478,2.234790561424451,1.9518774094947566,3.6235078824320213,4.755264368671797,,,Neutral
2026-04-06,CADJPY,-5,Bearish,0.19205190436486505,-0.014838800212405303,0.4722707913203142,1.3583229917951691,0.7594695088963203,,,Bearish
2026-04-06,NZDUSD,-6,Bearish,0.48915723644870734,2.439088556965714,2.0680673682577635,3.1390585277068386,3.865211077390064,,,Bearish
2026-04-06,CHFJPY,-6,Bearish,0.3349931985116311,0.5141980304456903,1.0219527066985172,1.823805943925371,0.6952394478979054,,,Bearish
2026-04-06,EURJPY,-7,Bearish,0.214791801220962,0.5785696410993039,1.3719310834195697,1.6003138364850844,0.022834126664352278,,,Bearish
2026-04-06,EURUSD,-13,Very Bearish,0.2712089803667111,1.2976830823740575,1.4348721969367035,2.0089205031234187,1.8821194817139009,,,Very Bearish
2026-03-30,GBPJPY,9,Very Bullish,-0.73174158627032,-0.4978852860962696,-0.6676192333677387,0.8349934665415922,1.6737639144894285,,,Very Bullish
2026-03-30,GBPUSD,8,Bullish,-0.4953017293778112,0.4855404924742124,-0.39296182401858604,1.1787053754339203,2.0903814896692072,,,Bullish
2026-03-30,EURUSD,4,Bullish,-0.2784798729154206,0.8577005815443134,0.1565424928170533,1.5936608744595804,1.8660101653555934,,,Bullish
2026-03-30,EURJPY,2,Neutral,-0.5452746249734917,-0.12437280117332081,-0.12274024241591515,1.247506929466086,1.4560600953994411,,,Neutral
2026-03-30,USDCHF,1,Neutral,0.010008632165776337,-0.731427559599616,0.16879785447120924,-0.898973403494615,-1.6879189251608442,,,Neutral
2026-03-30,USDCAD,1,Neutral,0.2072000539291336,-0.1661957301642763,0.3323828838123918,-0.19281723632744657,-1.6079767089265924,,,Neutral
2026-03-30,NZDUSD,0,Neutral,-0.18353091757654277,0.38755128215133994,-0.719367938542065,1.333822416121001,2.4962993602901196,,,Neutral
2026-03-30,AUDJPY,0,Neutral,-0.32614694266781025,0.07197279838302735,0.20862728307725242,2.1081044637731123,3.8372170610632375,,,Neutral
2026-03-30,NZDJPY,-1,Neutral,-0.42831103336605475,-0.5983233741650089,-1.0157337287621768,0.981934141275125,2.0728584406757786,,,Neutral
2026-03-30,AUDUSD,-2,Neutral,-0.07298650893669296,1.0669828922372335,0.505050285346886,2.466785657267917,4.270959260582022,,,Neutral
2026-03-30,USDJPY,-5,Bearish,-0.24526013715712502,-0.9648327150644765,-0.2833323572446493,-0.3457448961274991,-0.410642890098604,,,Bearish
2026-03-30,CADJPY,-6,Bearish,-0.45810257258558673,-0.794739055425407,-0.6116727786946757,-0.14229073924659383,1.221604653759753,,,Bearish
2026-03-30,CHFJPY,-7,Bearish,-0.2560879345944407,-0.24780049637794008,-0.4614076929821014,0.55582964530907,1.2874245818366623,,,Bearish
2026-03-23,AUDJPY,5,Bullish,-0.5117350973272402,-0.837954085241548,-1.6257274714199415,-1.420491899396553,1.7467108873108608,1.3496891825687882,,Bullish
2026-03-23,EURUSD,3,Neutral,0.4062547306670143,0.01157015452859148,-0.5895416527625446,-0.43392204314492067,1.566281311086188,1.4400305072594985,,Neutral
2026-03-23,AUDUSD,3,Neutral,-0.02431713628338726,-0.9261180077707667,-2.2389456756536306,-1.7452031918303947,1.8150671153811966,2.927072151299368,,Neutral
2026-03-23,EURJPY,3,Neutral,-0.07715108490241884,0.10810436211587451,0.02987563231850408,-0.09290127952094207,1.5059258449336972,-0.07008836605242842,,Neutral
2026-03-23,USDCHF,1,Neutral,-0.180239329503339,0.4734582966456555,1.520651600394812,1.69201628214147,-0.5280377586377257,-0.8491744156540011,,Neutral
2026-03-23,GBPUSD,0,Neutral,0.6953839016842853,0.24054576284553808,-0.6989785411647472,-1.0891936463584737,1.1461803065798266,1.874237871601445,,Neutral
2026-03-23,USDCAD,0,Neutral,0.15244403472718934,0.7614984730380483,1.3836826451179043,1.7206646532089502,-0.03501552177996758,-0.8876917354151701,,Neutral
2026-03-23,NZDUSD,0,Neutral,0.38400735305391537,-0.42559929086206016,-1.7716284720681874,-2.478251883392111,0.5830128672310523,1.2911695276754533,,Neutral
2026-03-23,GBPJPY,0,Neutral,0.22425230242308225,0.3410906634194713,-0.07678996936955809,-0.7438965381324883,1.0945338294608506,0.3561726102213186,,Neutral
2026-03-23,NZDJPY,0,Neutral,-0.09480341667075551,-0.3307147536553559,-1.1548099933239,-2.15881392748077,0.5375481116038807,-0.22622141689315522,,Neutral
2026-03-23,USDJPY,-1,Neutral,-0.47413847212209714,0.09420674062596934,0.6280066070250765,0.3428949038570909,-0.04584325573742624,-1.4996800842197338,,Neutral
2026-03-23,CADJPY,-1,Neutral,-0.6200225797228202,-0.6475770948264262,-0.7466064715924381,-1.3537124617364102,-0.013777257551803014,-0.6045239862251076,,Neutral
2026-03-23,CHFJPY,-1,Neutral,-0.33059386312867406,-0.3845275367155578,-0.8739172964151057,-1.3312926677612467,0.46823308135845204,-0.6453088916565898,,Neutral
2026-03-16,EURUSD,5,Bullish,0.5634736942403317,0.2568058127308714,1.0935878609683312,0.4975990522558234,2.0991899681228867,2.3728944665092238,,Bullish
2026-03-16,USDCHF,5,Bullish,-0.23672986958540695,0.34307834700027723,-0.265848556568803,1.2507604134959192,0.3405430065425366,-0.4582703333927428,,Bullish
2026-03-16,EURJPY,5,Bullish,0.26965351730832865,0.39022988539390996,0.8845946671258459,0.9147345776946095,2.1736528844036584,2.3841137582586827,,Bullish
2026-03-16,AUDJPY,5,Bullish,0.5967023263848766,0.4741403169494379,-0.17891855629228662,-1.8017372995911163,0.2683846597438504,1.9663431904166706,,Bullish
2026-03-16,NZDJPY,4,Bullish,0.6724482083968298,0.11136941402084913,0.3676155792785083,-0.7914396754919152,0.18272304940195755,1.2650133410675726,,Bullish
2026-03-16,AUDUSD,3,Neutral,0.8962178870075292,0.3397422835442543,0.029999281072248835,-2.2096180621876758,0.20266105364179446,1.9669693111438482,,Neutral
2026-03-16,NZDUSD,2,Neutral,0.9728815626066377,-0.02955914919412506,0.5848598963157579,-1.197130120197268,0.12072470603040572,1.269285288560527,,Neutral
2026-03-16,CADJPY,2,Neutral,-0.10312048298780846,0.029222278272931227,-0.20538862220727924,-0.9504616490544033,-1.0913999693943022,0.25953212096829925,,Neutral
2026-03-16,USDCAD,-1,Neutral,-0.20202208132560287,0.1290795645496934,-0.013858208789129878,1.369632682698835,1.174174558484771,-0.26036740076340126,,Neutral
2026-03-16,GBPUSD,-2,Neutral,0.5032778434019347,0.13132430128569855,0.6332433691981074,-0.07016140723068327,1.1077169719247288,2.0187534413688826,,Neutral
2026-03-16,USDJPY,-2,Neutral,-0.2901568336749081,0.14226224218375266,-0.20931493037306997,0.4173771650597737,0.07018920868647877,0.005020345307956588,,Neutral
2026-03-16,CHFJPY,-2,Neutral,-0.05119219412720671,-0.18632719654062857,0.05781031131366377,-0.8166121994111236,-0.26532152679359094,0.46029911623204295,,Neutral
2026-03-16,GBPJPY,-3,Neutral,0.2138482844491878,0.2696727716262316,0.42106231263098864,0.3439490096405345,1.1818144279408596,2.02346981853757,,Neutral
2026-03-09,NZDJPY,6,Bullish,0.9453503376021848,1.186004280048768,-0.18885764589413695,0.17806366325540587,-1.9845943273875037,0.7165689527185687,,Bullish
2026-03-09,EURUSD,5,Bullish,0.8155250175064975,0.17314595872242552,-0.7650098883649784,0.3202119173289859,-0.11509959591000218,1.8915086478321685,,Bullish
2026-03-09,AUDUSD,5,Bullish,1.4697694762616276,2.34001859960814,0.567040772226844,0.5972101614541475,-1.1584155611758806,2.4231170420856136,,Bullish
2026-03-09,NZDUSD,5,Bullish,1.3140260657485776,0.7758614190120331,-0.9043786537091191,-0.32480810544974614,-2.795010425851139,0.25631108873272473,,Bullish
2026-03-09,AUDJPY,5,Bullish,1.0964406967493927,2.7601308093703625,1.2903539807530229,1.109126741747313,-0.32712021316980155,2.8752108666103506,,Bullish
2026-03-09,CADJPY,4,Bullish,-0.2455889860935982,0.42333259805789014,-0.07900225633693549,-0.28422861689841167,-1.6340934404280467,-0.2979667155416286,,Bullish
2026-03-09,GBPUSD,3,Neutral,0.9316945537507886,0.6075427143181582,-0.40139870694174995,0.22930283156060183,-0.8623883666701501,1.378111362038206,,Neutral
2026-03-09,USDCHF,3,Neutral,-0.42753715905693096,0.06656139224092844,1.1136367919392658,0.8448276480336732,2.5511385515359053,0.31232888041891865,,Neutral
2026-03-09,EURJPY,3,Neutral,0.43989166959225634,0.5872494441379541,-0.04875704231238611,0.8354063226173162,0.7417289399334637,2.353912767273518,,Neutral
2026-03-09,GBPJPY,-1,Neutral,0.5466988036958308,1.0217446322725146,0.3094148533467443,0.7317799953148585,-0.017560228869523156,1.8343234043816572,,Neutral
2026-03-09,USDJPY,-2,Neutral,-0.36546468962902806,0.40901802541773447,0.7201999639399184,0.5093775475137807,0.8540190810226885,0.4633007765245787,,Neutral
2026-03-09,CHFJPY,-5,Bearish,0.07173877572646424,0.35315466976380694,-0.3815957979079853,-0.324006088313052,-1.650985286777487,0.14270988935430284,,Bearish
2026-03-09,USDCAD,-7,Bearish,-0.1080693284329518,-0.002935952074044185,0.8057654736943953,0.7917956002435701,2.5260844004715755,0.7565028271027464,,Bearish
2026-03-02,NZDJPY,7,Bullish,0.24331176804179983,-0.11575176704415127,-0.6795376961922943,-0.8671119831904393,-1.6516889904164407,-0.6859733472458971,,Bullish
2026-03-02,NZDUSD,6,Bullish,-0.14930924962997838,-0.3372564195273768,-1.8041967864695647,-2.692258669570947,-3.8571589503211587,-2.5747841849049586,,Bullish
2026-03-02,EURUSD,4,Bullish,-0.5287220155504447,-1.0530342972876285,-2.0085070354515224,-2.758151646386791,-2.2742771305831666,-0.7168605209304721,,Bullish
2026-03-02,CADJPY,4,Bullish,0.3761364925638271,0.40493997742595117,1.6319644376169518,1.5516728925516825,0.5864631877348023,0.4433379656829715,,Bullish
2026-03-02,AUDUSD,3,Neutral,0.6756974725082256,0.2534636114114192,-1.3021868266818628,-0.742529984692872,-2.9357409702216146,-0.5413737501416622,,Neutral
2026-03-02,AUDJPY,3,Neutral,1.0755730793744567,0.4749168103628252,-0.1709653586721681,1.1171825637695196,-0.7046834307775605,1.3885655701358606,,Neutral
2026-03-02,USDJPY,2,Neutral,0.39838871516107977,0.22345617675424498,1.1453565966235109,1.8738054183592951,2.299003419352953,1.9453098362412446,,Neutral
2026-03-02,USDCHF,2,Neutral,1.1929371675350378,1.2501151188433106,1.5191117418431763,2.6496659210502775,3.9335673069765855,2.9992321795836916,,Neutral
2026-03-02,EURJPY,0,Neutral,-0.14279070160471363,-0.8388249541414523,-0.8898654224976046,-0.9381885927494202,-0.03203595051667601,1.2150713282467944,,Neutral
2026-03-02,GBPUSD,-3,Neutral,0.029503060164457775,-0.2767490188543049,-0.7874329412248002,-1.1856709025224406,-1.2550004263627892,-0.0910878084161258,,Neutral
2026-03-02,GBPJPY,-3,Neutral,0.4243251766901285,-0.06095318928770225,0.3505099052565949,0.6610092883126547,1.0072318328539724,1.8506356193928226,,Neutral
2026-03-02,CHFJPY,-3,Neutral,-0.796544436439207,-1.0186985183480288,-0.3853059829111091,-0.7654314693792176,-1.5757930620332588,-1.028722141711693,,Neutral
2026-03-02,USDCAD,-6,Bearish,0.019021645516242313,-0.17851216892546892,-0.48506504295132913,0.31679194410200345,1.6907635128034164,1.4946861929977495,,Bearish
2026-02-23,GBPUSD,7,Bullish,-0.26859220582273935,0.18302534607716378,-0.9357829261963373,-1.7158472044019102,-1.4904788590662554,-2.5634383043914633,,Bullish
2026-02-23,NZDJPY,7,Bullish,-0.5375253182215104,1.1516764458932025,0.7026599078942124,0.01834737275174687,0.19644370601118563,-1.9666110755546127,,Bullish
2026-02-23,NZDUSD,6,Bullish,-0.7259790462004536,-0.051603203727026,-0.7709308173578168,-2.561218494794708,-2.8777075549750832,-5.284642596687507,,Bullish
2026-02-23,GBPJPY,6,Bullish,-0.08426899803832585,1.3879655542525782,0.5338278478245814,0.8862088725648195,1.6244739671258126,0.8684930233890119,,Bullish
2026-02-23,EURUSD,5,Bullish,-0.3455584219465155,-0.16540590120631174,-0.636179642432753,-2.6319089650079035,-2.320124733838123,-2.7439792443344624,,Bullish
2026-02-23,AUDJPY,4,Bullish,-0.5384878420535766,1.3111525160818873,0.7243653114088892,0.5521615389839741,1.6674124520178017,0.2232350938108065,,Bullish
2026-02-23,AUDUSD,3,Neutral,-0.7129190404651835,0.127952950595376,-0.7493620791910248,-2.0417908115935126,-1.456774432341839,-3.1765539502812348,,Neutral
2026-02-23,CADJPY,3,Neutral,-0.141496751026511,1.0046532465950804,1.3371783708542737,2.990965083951073,2.698235288362633,1.3079964792806884,,Neutral
2026-02-23,USDJPY,0,Neutral,0.19177912359965796,1.2057823215002312,1.4863326973321465,2.648713103552323,3.1715826009136547,3.5253526998808966,,Neutral
2026-02-23,EURJPY,0,Neutral,-0.15766950536935925,1.0308915778637495,0.8370919140371221,-0.06022249995802218,0.7746807200870064,0.6810597522649015,,Neutral
2026-02-23,CHFJPY,0,Neutral,-0.15020624173087402,1.1314148197998166,1.774075650962385,1.3819340484267486,1.053450409660323,-0.2918667661632323,,Neutral
2026-02-23,USDCHF,-1,Neutral,0.3278448453376533,0.05701716647699564,-0.28120075588295584,1.233639232259451,2.088889005604242,3.816249629836399,,Neutral
2026-02-23,USDCAD,-3,Neutral,0.3319011507536951,0.20002284877395715,0.14580068182977454,-0.33997158926149545,0.449132130896224,2.17752484192771,,Neutral
2026-02-16,USDJPY,11,Very Bullish,0.5432595673918417,1.2527808919328542,1.021081095927351,2.522590455454543,4.44366431045116,4.879588315634668,,Very Bullish
2026-02-16,GBPJPY,7,Bullish,0.3952138737765839,0.12326556934963526,0.17794211560690087,0.7127198679976001,1.3784403008373687,1.7271304422411193,,Bullish
2026-02-16,AUDJPY,7,Bullish,0.5767674282711817,0.8665425943572175,1.606244101779978,2.3422444882787126,3.4855941990721346,1.6210556486839514,,Bullish
2026-02-16,NZDJPY,7,Bullish,0.5143051040857736,0.14430476716493698,0.5251577629747842,1.2315077439226145,0.353717209510704,-0.4405219243163218,,Bullish
2026-02-16,EURJPY,6,Bullish,0.39601905537146764,0.5780338064185132,0.7457075422630728,1.589041713838844,0.6359449129961579,1.5564966987050333,,Bullish
2026-02-16,USDCHF,5,Bullish,0.18093754667463247,0.5193885210954791,0.4543068683722022,0.1718285981413555,2.826047402999203,4.112154898678465,,Bullish
2026-02-16,NZDUSD,3,Neutral,-0.029556341727024857,-1.093900754506626,-0.4941302705640075,-1.2612516853881528,-3.919554197114127,-5.069762153440286,,Neutral
2026-02-16,CHFJPY,3,Neutral,0.3770148011796729,0.7345398216366503,0.6036535470786821,2.388438468635961,1.6047251395910445,0.7750085589230035,,Neutral
2026-02-16,USDCAD,2,Neutral,0.13438937658631023,0.5742449657820066,0.22471178328364927,0.3708400964256032,0.6888068320785831,2.0678736382702287,,Neutral
2026-02-16,AUDUSD,1,Neutral,0.03656162568651049,-0.3763478569340299,0.5798604706527409,-0.1738468630175742,-0.9150859826250926,-3.104484139656137,,Neutral
2026-02-16,CADJPY,1,Neutral,0.4100544510797552,0.6765935848476335,0.7969309947858549,2.144765754533039,3.7297183959065423,2.74380720388132,,Neutral
2026-02-16,GBPUSD,-3,Neutral,-0.14717974778719398,-1.1134038736312066,-0.8390555829339973,-1.766986770243941,-2.931707024780178,-2.9998115051063947,,Neutral
2026-02-16,EURUSD,-7,Bearish,-0.148134367826264,-0.6625313870176354,-0.2757567414095477,-0.9101820755908173,-3.643229520074583,-3.163759143382155,,Bearish
2026-02-09,USDJPY,13,Very Bullish,-0.7071808707555053,-2.527922222913355,-2.839533619281169,-1.8474464643527995,0.7523330826170971,1.2655428459362474,-0.2531163323012597,Very Bullish
2026-02-09,EURJPY,8,Bullish,-0.05108965972694685,-2.11293407850165,-2.4979856674877174,-1.770905792751751,-1.8300618089694767,-1.0099439384120963,-1.0793244512600462,Bullish
2026-02-09,GBPJPY,7,Bullish,-0.1789841260333481,-2.4230885244078015,-2.564222142832185,-2.3908428583551,-1.525821847330106,-0.8052075110581527,-0.45190282944666804,Bullish
2026-02-09,NZDJPY,7,Bullish,-0.36695654944191036,-2.249196747052835,-2.8164979120813523,-2.3061312065358863,-2.2882069482727467,-2.1142177501323,-2.3356563536748993,Bullish
2026-02-09,USDCHF,6,Bullish,-1.122664432129427,-0.6045127992534265,-0.9821710018701983,-0.5323262038186525,0.6947460435468941,1.5454430982400715,0.6831451751873252,Bullish
2026-02-09,AUDJPY,6,Bullish,-0.00452549682849595,-1.2586745012950786,-2.3301686589200643,-0.761352753785516,-0.21339511188394086,0.8933648076118856,2.255111638349888,Bullish
2026-02-09,CHFJPY,6,Bullish,0.41828377156549806,-1.9322885073762872,-1.9094738503370547,-1.3173469098864719,0.046382273056658055,-0.2777740966449955,-0.9212904873572163,Bullish
2026-02-09,USDCAD,4,Bullish,-0.7079646944522896,-0.6113240837164455,-0.3001767511648715,-0.07613950041176772,-0.4158522370036576,0.3726506635238031,-0.5183490610334375,Bullish
2026-02-09,CADJPY,3,Neutral,-0.001736453771690263,-1.9215716735875175,-2.5487761248475795,-1.772157116988337,1.1658033663608607,0.8782612026784866,0.2684279168214784,Neutral
2026-02-09,AUDUSD,2,Neutral,0.7094222161283644,1.3022909280206267,0.5217959883188882,1.1046821476453421,-0.9596639625361072,-0.368185011782039,2.5481100985721983,Neutral
2026-02-09,NZDUSD,2,Neutral,0.3383574801517332,0.2740138313154966,0.02353602142627697,-0.47071054774408416,-3.019873116933021,-3.334872429724671,-2.086761758648673,Neutral
2026-02-09,GBPUSD,-5,Bearish,0.5473447276691716,0.11049382083410308,0.2852394393389011,-0.5562094610355988,-2.2625129609497105,-2.0383981356729923,-0.20236469390434833,Bearish
2026-02-09,EURUSD,-10,Very Bearish,0.6618727372523798,0.42517352246959106,0.352473265367531,0.07574455516706594,-2.5581579375787853,-2.246137546830024,-0.8384521054798878,Very Bearish
2026-02-02,EURJPY,9,Very Bullish,-0.2708117282214249,0.7020427088773507,1.1191344247451738,-1.406807060272599,0.1598799025452834,-0.7798086652119156,1.5857135673713563,Very Bullish
2026-02-02,GBPJPY,7,Bullish,0.11352696747072138,0.8516966473748453,0.80129452657551,-1.7834745879364264,-1.0834658976677374,-0.4296184195743666,1.5851581999082383,Bullish
2026-02-02,USDJPY,5,Bullish,0.1552797779009564,1.1050190348979356,1.315709527516493,-1.561184106130592,0.9220240680706275,2.8131064233760066,2.8182679963402975,Bullish
2026-02-02,AUDUSD,5,Bullish,0.13277935664566087,0.6927883493279514,1.258537899693837,1.7869008882848,1.6099475541277097,0.8554632261076102,2.839259236377116,Bullish
2026-02-02,AUDJPY,5,Bullish,0.2922290348599625,1.8145902749053624,2.5975741196395066,0.20687760269138353,2.553967670216618,3.6996827154821084,5.738774365041684,Bullish
2026-02-02,GBPUSD,4,Bullish,-0.04375638785745858,-0.25242930306296457,-0.5130591161784821,-0.22928312378604565,-1.9922184915662853,-3.154268239119553,-1.199191696377902,Bullish
2026-02-02,USDCHF,4,Bullish,0.7045362205171556,0.4847751029554754,0.2934463167918036,-0.6916068297079799,-0.5209666098867615,2.1148954364412953,1.646933164681065,Bullish
2026-02-02,CADJPY,4,Bullish,-0.11949210125368498,0.858452707003893,1.1457700399482373,-1.4322091981231997,0.6818390239952207,2.244091827853076,2.5094480879386785,Bullish
2026-02-02,CHFJPY,4,Bullish,-0.5369936479649314,0.6243487730195283,1.023844054519213,-0.9051798303071167,1.4616389750514553,0.6850196609884821,1.1484719166660708,Bullish
2026-02-02,USDCAD,3,Neutral,0.2779463599281657,0.2449438905566428,0.1694097619818197,-0.13127551790272496,0.23907775626570457,0.5566270794396976,0.294810403217614,Neutral
2026-02-02,NZDUSD,3,Neutral,-0.05951054877744224,-0.2711223303002939,0.29739418122602235,0.32100019741051317,-0.9443001083775789,-3.611135776413963,-2.387686103013404,Neutral
2026-02-02,NZDJPY,3,Neutral,0.0953725431718949,0.8261669034220971,1.6191095641345608,-1.242990535014951,-0.026790315787270667,-0.8936699969391839,0.3600382994419897,Neutral
2026-02-02,EURUSD,-2,Neutral,-0.4259234201038953,-0.40124489238481803,-0.1974885850491181,0.15428858585396207,-0.7572977967899805,-3.494562021526557,-1.2045898238548707,Neutral
2026-01-26,EURJPY,9,Very Bullish,-0.394027481163176,-0.3451150975229004,-0.05597805859136316,1.0625298964298107,-0.727192299807535,-0.7869768663831109,1.5484111519571255,Very Bullish
2026-01-26,USDCHF,6,Bullish,-0.08099310884270808,-1.5593893655971465,-0.5540786849968043,-0.2622582916982523,-0.7931884259085078,0.4306657227431944,0.7443396965923049,Bullish
2026-01-26,GBPJPY,6,Bullish,-0.42409558558943117,-0.16133296603384287,0.1419914374685934,0.9444237336607453,-1.4689988120831934,-0.5958083373289269,1.2275860152758487,Bullish
2026-01-26,NZDUSD,5,Bullish,0.17285190137091508,1.7601593617529794,0.9075899834898183,1.2076832845161296,0.7312880441684859,-1.848660335263688,-1.5970875679632475,Bullish
2026-01-26,EURUSD,4,Bullish,0.15201664321878805,1.00613263808991,-0.07820985876485723,-0.2755439882705317,-0.20000814267167089,-2.826653075441853,-0.9886108149758811,Bullish
2026-01-26,GBPUSD,4,Bullish,0.10941508041703026,1.19174312270814,0.12174390885636548,-0.39193982554489626,-0.945969280189248,-2.64558509714253,-1.3039328439204347,Bullish
2026-01-26,USDJPY,2,Neutral,-0.5349121773428331,-1.3340598580444665,0.023198048099122043,1.339212794544653,-0.5329749092311219,2.10162121806175,2.574658822009215,Neutral
2026-01-26,USDCAD,1,Neutral,0.07370810494217542,-1.196912785789648,-0.48241745879823944,-0.3138249590851286,-0.38972551474088146,-0.7283721479761548,0.022620523235322956,Neutral
2026-01-26,AUDJPY,0,Neutral,-0.5239007724270148,0.4623666306864051,0.48474138911404707,3.0949070256243614,2.309991111972153,2.8749075334303855,5.832778053846925,Neutral
2026-01-26,NZDJPY,0,Neutral,-0.36337953445735854,0.3979757150159222,0.925730424547859,2.5598285785243773,0.19466436630531686,0.2130474548539646,0.9311430394885739,Neutral
2026-01-26,CADJPY,0,Neutral,-0.624354880004312,-0.13864521432132704,0.5060166282626565,1.6575844551346837,-0.1439476627454151,2.842711996873779,2.5362749457627576,Neutral
2026-01-26,AUDUSD,-3,Neutral,0.010439866669712706,1.819502377849896,0.46686290627439436,1.7312764525833066,2.855083702126724,0.7549980538398838,3.196409582435506,Neutral
2026-01-26,CHFJPY,-4,Bearish,-0.44926009687565344,0.2247486392091541,0.5828621645478321,1.6126738186848102,0.27408240008134566,1.6598040865155637,1.8048826804452311,Bearish
2026-01-19,USDCHF,10,Very Bullish,-0.10391559948890688,-0.29171739315051054,-2.6104270218468275,-3.150041887128182,-3.819862812006121,-3.6545978305855584,-0.7649755251711566,Very Bullish
2026-01-19,USDJPY,6,Bullish,0.4075273914314445,0.5846256189575304,-1.5037948651587423,-1.480945668115752,-3.019009485855291,-0.5725762755402009,1.3615951780929763,Bullish
2026-01-19,EURJPY,6,Bullish,0.5351570920417703,1.003153948009478,0.4761794058218926,0.41993479124373845,-0.9927799413206185,0.580486085124016,1.8026107333556145,Bullish
2026-01-19,USDCAD,3,Neutral,-0.18274114635570055,-0.4043341908195967,-1.4209245516722526,-1.8964872223568745,-2.0252731168364915,-1.6619435451902465,-0.19209819289787303,Neutral
2026-01-19,GBPJPY,2,Neutral,0.5195605405140942,0.700954689692787,0.3983155349056906,0.5408725463279573,-1.2522483660253527,-0.5484535209290907,1.2920322222496041,Neutral
2026-01-19,NZDUSD,1,Neutral,0.5225783746044077,1.2978310980775052,3.418291360040987,4.356905413521035,4.69189128590994,3.371463042601669,0.7098709604758865,Neutral
2026-01-19,CADJPY,1,Neutral,0.5929612510459122,1.0032745490704047,-0.08118210406860417,0.4244237292482917,-1.0138641045642196,1.1091566398566228,1.5574119180229724,Neutral
2026-01-19,EURUSD,0,Neutral,0.12220432107178018,0.41322021665758624,2.0088187691562736,1.9290378160692172,2.0863026870901806,1.1571314583988987,0.431975918867898,Neutral
2026-01-19,NZDJPY,0,Neutral,0.91985576473343,1.8870805923755138,1.8639507731553908,2.806936357108944,1.5290558688512357,2.779394054207656,2.0743548045349574,Neutral
2026-01-19,GBPUSD,-4,Bearish,0.10465718236149398,0.11271457590496047,1.926410739776337,2.050499936367935,1.8165153622745542,0.01743100589977296,-0.07367268003761183,Bearish
2026-01-19,AUDJPY,-5,Bearish,0.7384976460541425,1.5833081311071946,1.8263140788325634,2.319908368181929,2.531585341690044,4.933125748100563,6.390191003906056,Bearish
2026-01-19,AUDUSD,-6,Bearish,0.3331482757154702,1.0047746291442665,3.385369016149746,3.8680369546010493,5.724055829586801,5.540257875072116,4.968890623104656,Bearish
2026-01-19,CHFJPY,-7,Bearish,0.509404209842039,0.8803160843837667,1.1238304844531521,1.7132430316885165,0.792555271014413,3.1999234346284844,2.1382829720269467,Bearish
2026-01-12,USDCHF,8,Bullish,-0.5197594326030173,-0.2253227860456037,-0.3500831946755408,-2.9513715502096134,-3.2058896252986178,-3.721150038576302,-0.046908783312728325,Bullish
2026-01-12,EURJPY,5,Bullish,0.2730926348413043,0.35577830114284026,-0.37917865184096594,0.09519518332958685,1.1587365570422357,-0.6326893685209086,0.04406139109813803,Bullish
2026-01-12,USDJPY,3,Neutral,-0.1030734569397922,0.15996985079675696,-0.38824045996445733,-1.8861969850217855,-0.5722443818308598,-2.409118937584067,1.0313038227873674,Neutral
2026-01-12,GBPJPY,2,Neutral,0.4296198997044499,0.5108210719347152,-0.3191425064003914,0.07790183432381906,1.0230612913968755,-1.3922413547801822,-0.5358398504261729,Neutral
2026-01-12,USDCAD,1,Neutral,-0.2745414705926451,-0.2105754669899523,-0.10420821079822563,-1.523652042418388,-1.8326954011047971,-1.9074394963940942,0.2285503766548933,Neutral
2026-01-12,NZDUSD,1,Neutral,0.7574520301532776,0.26196767758054756,0.586132263561766,4.024459332126497,5.280745339288869,4.7851777662332475,-0.7523443730158417,Neutral
2026-01-12,CADJPY,1,Neutral,0.17069672633242697,0.3836245799795188,-0.2841991743750837,-0.3651505595741846,1.28638121664716,-0.5085725966235908,0.7927717709986746,Neutral
2026-01-12,NZDJPY,0,Neutral,0.6589768905857509,0.42054936692742784,0.19868679590529867,2.066340993129124,4.679064358925386,2.2650277890344226,0.253872426116269,Neutral
2026-01-12,EURUSD,-1,Neutral,0.37218942678869577,0.19449925543654392,0.010471064582162475,2.0195001784490927,1.7383915788437319,1.8154528709792548,-0.9783420233255526,Neutral
2026-01-12,GBPUSD,-3,Neutral,0.5332463027425672,0.3616089006163816,0.0750718945778779,2.0029288273939168,1.6031387260971444,1.0380124557934678,-1.55203465749416,Neutral
2026-01-12,AUDUSD,-4,Bearish,0.3291547326791248,-0.04490540311759572,0.026887968195884196,3.413167241290006,5.203535054609054,6.3656997250491285,2.986935888688804,Bearish
2026-01-12,AUDJPY,-5,Bearish,0.22795023960789298,0.11822902674145173,-0.357523018182692,1.4622615674337338,4.602424229041606,3.8060307916473906,4.037762281866399,Bearish
2026-01-12,CHFJPY,-8,Bearish,0.43595986239197404,0.40197168554361556,-0.024149086964172794,1.099410002687959,2.7298137186461195,1.376505692091406,1.0806213632786137,Bearish
2026-01-05,USDCHF,5,Bullish,-0.1638489185257684,0.5356680163981139,1.0242022356925748,0.6705334811103832,-2.500630491539994,-3.174942789982723,0.8066535432272287,Bullish
2026-01-05,CADJPY,4,Bullish,-0.4177255624165386,-0.9475358955553805,-0.4720174583923038,-0.7548751630477304,-0.33365530311761493,-1.7610858592995382,0.9344005439077858,Bullish
2026-01-05,EURUSD,3,Neutral,0.08786396657686081,-0.23821146566201432,-0.6916168283684812,-0.6812181834310782,1.2346786762698136,1.3908722303932328,-1.816890760350751,Neutral
2026-01-05,GBPUSD,3,Neutral,0.7145919565757177,0.15881891175468416,-0.3254887276540869,-0.2506611836306963,1.7946989453263922,1.561300879735947,-1.485346708790094,Neutral
2026-01-05,AUDUSD,1,Neutral,0.44134300754780276,0.5715138240836433,0.028411606596094232,0.05530721409572393,3.925483472176557,5.7825288594951525,2.4985270285249497,Neutral
2026-01-05,NZDUSD,1,Neutral,0.5334970954150587,0.31814512516977284,-0.4480708678337476,0.13543510780802348,4.498241300872955,4.833680861739271,-0.48113741464755855,Neutral
2026-01-05,NZDJPY,0,Neutral,0.2944386604843979,0.15164034383071412,0.2811545069509988,0.48039991973770174,3.3008207968532854,2.0168013717556432,1.5673949952268253,Neutral
2026-01-05,GBPJPY,-1,Neutral,0.474500404259502,-0.02227803303485109,0.40718891873277335,0.0867468994113536,0.6280886359030177,-1.1665877532444555,0.540394196774922,Neutral
2026-01-05,EURJPY,-2,Neutral,-0.14530756948800133,-0.39184380922738776,0.03973578237513352,-0.3395935390697409,0.07891518075462776,-1.3290020638524542,0.20680876160299377,Neutral
2026-01-05,USDJPY,-3,Neutral,-0.23122087323130225,-0.16433992705010123,0.7389076138042817,0.3477984155212782,-1.1382979581629113,-2.6817111374902547,2.0670207148203645,Neutral
2026-01-05,USDCAD,-5,Bearish,0.18767612522425398,0.8089186136698843,1.2162873253663335,1.110811643308178,-0.8067419799284884,-0.9369584431189235,1.1115400785045018,Bearish
2026-01-05,AUDJPY,-5,Bearish,0.20682107435705901,0.40887209545749137,0.766277061417417,0.40601442635710383,2.735341957192117,2.947878369749951,4.616720767263066,Bearish
2026-01-05,CHFJPY,-10,Very Bearish,-0.06773217454909938,-0.7018247195905712,-0.29113574639938555,-0.31521452673897654,1.3926281140353145,0.47484249492876357,1.2535311238288684,Very Bearish
2025-12-29,EURUSD,8,Bullish,0.0011847274655975902,-0.1891817370919639,-0.4908518281610529,-0.8983474469477523,0.8812347168891203,1.115415845922244,-1.4067777954530565,Bullish
2025-12-29,CADJPY,6,Bullish,-0.4244838720317831,-0.2113656604602146,-0.6795233727346361,-0.5642281661618365,-1.7136551385898096,0.5415249660234982,0.7974374104358087,Bullish
2025-12-29,GBPUSD,5,Bullish,0.10160444763224277,-0.1751581541587829,0.2720374297218976,-0.23429787785015094,1.3349185181613092,1.3792998072218117,-0.540992457477205,Bullish
2025-12-29,EURJPY,5,Bullish,-0.2985253122879545,-0.04179934113239856,-0.4125107158950877,0.04450756077779074,-0.5264878374849568,0.8765687072425331,-0.16826574475667558,Bullish
2025-12-29,NZDUSD,4,Bullish,-0.2986830935036146,-1.1703527949146428,-0.6831295154141757,-0.9078861135022355,2.4819598276098787,3.890982870455531,0.47204103217183685,Bullish
2025-12-29,AUDUSD,3,Neutral,-0.2769968014246666,-0.5332024193054395,-0.010404469305483919,-0.09371124401765209,2.9880535031191213,5.503316202652784,4.349032659558129,Neutral
2025-12-29,NZDJPY,3,Neutral,-0.6035208002660366,-1.0149300754057824,-0.5958370088724354,0.04596045592839242,1.0761241918312927,3.6597781225718737,1.7453506156700629,Neutral
2025-12-29,GBPJPY,2,Neutral,-0.19510745000321916,-0.0033167038091729047,0.3745779783440196,0.7382736997455243,-0.04025567956623584,1.1521679862065588,0.7430066866627536,Neutral
2025-12-29,USDCHF,-2,Neutral,-0.06842254318889833,0.3535013688284716,0.36237515340319076,1.0288379118285662,-1.520453129425092,-2.8026961200792977,-0.3598376286226754,Neutral
2025-12-29,AUDJPY,-2,Neutral,-0.570214609773902,-0.3674453300424269,0.08758174520154223,0.8757956637049816,1.583087797231592,5.273780651704343,5.675506256840167,Neutral
2025-12-29,CHFJPY,-2,Neutral,-0.26936268940057084,-0.20960777458768534,-0.2905481730425379,-0.07973221794929905,0.12844420903308085,2.6298395805628227,1.581515977186782,Neutral
2025-12-29,USDJPY,-3,Neutral,-0.28760598711190477,0.17128993786692534,0.1041841497513302,0.9733898877496974,-1.3594261494511535,-0.21154755933781283,1.2884876953379665,Neutral
2025-12-29,USDCAD,-5,Bearish,0.1382807882327628,0.3489856487130729,0.7623453433388562,1.5173819953791279,0.3197159971640882,-0.7762475556657576,0.45653155850166943,Bearish
2025-12-22,EURUSD,10,Very Bullish,0.4941627320008703,0.6599730936161127,0.5533290820988853,-0.16947580405807242,0.16887507876883084,0.9228362256898439,-1.440131972218797,Very Bullish
2025-12-22,GBPUSD,10,Very Bullish,0.6942407797483163,0.986154484079488,1.0014376908117273,0.9234354117870686,0.47714795222407197,2.3957028078414346,-0.13091871143051081,Very Bullish
2025-12-22,NZDUSD,6,Bullish,0.7438438349484698,1.4165026258612272,0.9348513399836231,0.47066229537536464,1.2581099474910613,4.992057062378731,1.8122512847590262,Bullish
2025-12-22,CADJPY,6,Bullish,-0.1854799262218833,-0.13298724475900892,-0.25460018519289856,-0.783044757086512,0.028001881833260175,-0.06474141880829332,1.5477264207467312,Bullish
2025-12-22,EURJPY,4,Bullish,-0.03358712569016666,-0.3543140030042415,-0.48433081640688513,-0.7898802478023911,0.4864966610858967,-0.2730452280448449,-0.6609463567392531,Bullish
2025-12-22,AUDUSD,3,Neutral,0.7292197922610422,1.4433179514073489,1.2904875640122084,1.9182923248830124,1.8380854515642457,6.237678168365363,7.547444236610907,Neutral
2025-12-22,NZDJPY,3,Neutral,0.23479070424596254,0.39683480802886983,-0.13007764963723414,-0.17417134053062125,1.5763137068892292,3.7467695042886855,2.600367181107077,Neutral
2025-12-22,GBPJPY,1,Neutral,0.17118787511114403,-0.01565133882261411,-0.0569034343509188,0.30207156287048015,0.8009462294383521,1.1945452008928572,0.6458800292679312,Neutral
2025-12-22,AUDJPY,-1,Neutral,0.19286149652907872,0.4202689563195247,0.22164613894138985,1.2627321896489196,2.1512567073268043,4.953074151493602,8.376667690088082,Neutral
2025-12-22,CHFJPY,-1,Neutral,0.023108380693317665,-0.028423308252780728,-0.17376732002018438,-0.6074885172530636,1.097347673983576,1.3711896879929548,2.189757857292346,Neutral
2025-12-22,USDCHF,-3,Neutral,-0.5528837583992345,-0.97759764742044,-0.8959233398433112,-0.04147002669001031,-0.7953976583852438,-2.5218974023900276,-1.3897439538543532,Neutral
2025-12-22,USDCAD,-6,Bearish,-0.30166469256687894,-0.8578473535335234,-0.7476222197134164,0.1827346171926313,0.3096348575250892,-1.0942465955206981,-0.7309471132010654,Bearish
2025-12-22,USDJPY,-9,Very Bearish,-0.5067327923461022,-1.0058592219019895,-1.054690909738409,-0.6316764946164177,0.3082318845179937,-1.1904151312813702,0.7693071455101073,Very Bearish
2025-12-15,EURUSD,11,Very Bullish,0.14458302179328042,0.03992384508776238,-0.25172030030531434,0.300215940166435,-0.8103189784208114,2.385508141884735,-1.07636961335315,Very Bullish
2025-12-15,CADJPY,8,Bullish,-0.5626571612988267,-0.3568488934671981,0.9574869125754244,0.700448963929911,1.242794857408026,-0.935403294576595,2.8088650395099313,Bullish
2025-12-15,EURJPY,7,Bullish,-0.40992342958594336,-0.21206732111636084,0.8870749020977552,0.39844770857539935,1.2915356883247548,0.13445608585173702,0.33668230900847435,Bullish
2025-12-15,NZDUSD,4,Bullish,-0.2794753186291883,-0.5052662288500791,-0.8172028430342272,0.11000886522090632,-1.085881699122826,3.886120433461021,2.1043445745978033,Bullish
2025-12-15,NZDJPY,3,Neutral,-0.830494359075776,-0.7895834315890239,0.3206981366671338,0.19020333043129262,1.007426316247291,1.6056927357328732,3.5652662597735056,Neutral
2025-12-15,GBPUSD,2,Neutral,0.09634671691249615,0.051356973593027155,0.06955797777836634,1.0716922483965325,0.4417377473399201,3.4160012063850296,0.3837906012368657,Neutral
2025-12-15,AUDUSD,0,Neutral,-0.08275408166193222,-0.6889956529224412,-0.5581618891853892,0.7251226650598261,0.5460567845972856,5.242720797107687,7.126203337063498,Neutral
2025-12-15,AUDJPY,-1,Neutral,-0.6360234192340974,-0.9381153984586283,0.584877051377285,0.8078195477206068,2.6705384550586455,2.932094765545521,8.633169649247547,Neutral
2025-12-15,CHFJPY,-1,Neutral,-0.5434642406359368,-0.142212100771306,1.1804999440800228,1.0046813009441709,1.4858580910751327,2.0098769877408604,3.7138970300841687,Neutral
2025-12-15,GBPJPY,-2,Neutral,-0.46215744065350994,-0.2020396410709756,1.2021907863479493,1.1446032641521482,2.5617879548930937,1.1422013430839613,1.8184007072192958,Neutral
2025-12-15,USDCHF,-3,Neutral,-0.01632850099045348,-0.11807280564898753,-0.03893834647012772,-0.9345128285792639,0.6117011340784051,-4.137466962111963,-2.2058973813980716,Neutral
2025-12-15,USDJPY,-9,Very Bearish,-0.560018151428172,-0.25210751941314036,1.1469737113601866,0.08018577415097243,2.1111312967660623,-2.203503507540321,1.4279469348713758,Very Bearish
2025-12-15,USDCAD,-9,Very Bearish,0.010165146397156944,0.11620649897465363,0.16342161252124376,-0.5854223834791954,0.8621498782433658,-1.2805227136473065,-1.3429942053470403,Very Bearish
2025-12-08,EURUSD,10,Very Bullish,0.010466455726277808,0.5242035252497612,0.8368863297847063,0.5830594166968439,0.4125954680041882,0.7529191375148906,-0.24038028259020816,Very Bullish
2025-12-08,EURJPY,7,Bullish,0.3185616396392656,0.8135478107442253,1.1874098404482902,2.085017957225701,1.2786685644160514,2.581658161056542,1.321799999426152,Bullish
2025-12-08,CADJPY,7,Bullish,0.22266160803701857,0.6279073654867169,0.8327522396286835,1.798212645912731,1.0010870789811328,1.8267180611262104,2.7503138993219993,Bullish
2025-12-08,NZDUSD,4,Bullish,0.001743972639649125,0.7133054483459554,0.45561027226715106,-0.3653158308651993,0.10362706063524564,0.8881980418179872,1.958254248301871,Bullish
2025-12-08,AUDUSD,3,Neutral,-0.12206761282765417,0.5892284247133693,0.17934210685879132,-0.3798208016183458,1.5311854499789128,1.4512832190493385,6.108159504435495,Neutral
2025-12-08,AUDJPY,3,Neutral,0.2008350955998594,0.8751338215938588,0.5258560381287635,1.1138087007963455,2.390605311441331,3.2890262925058207,7.7714195788754825,Neutral
2025-12-08,NZDJPY,3,Neutral,0.32659745742965207,0.9987223538079878,0.7947445745108225,1.1179914422196755,0.9418728810071226,2.711928201454462,3.549022869390611,Neutral
2025-12-08,USDCHF,-1,Neutral,0.2221557027245955,-0.679627008291848,-1.0821851684593111,-1.120702129919096,-1.1617074011367132,-1.9071857498054896,-2.8489739647261354,Neutral
2025-12-08,GBPJPY,-1,Neutral,0.3348165000484723,0.7691652699391682,0.6730168466162825,1.8832985794848223,2.19105905180787,2.699329017884624,1.7794240752201804,Neutral
2025-12-08,CHFJPY,-2,Neutral,0.09374779605312054,0.9712625883911179,1.4474574320014195,2.645044610256801,2.0214877507202065,3.771417619746858,4.544091746177427,Neutral
2025-12-08,GBPUSD,-3,Neutral,0.016515351985899505,0.47822948269462195,0.3237581569153474,0.3935413343205565,1.3206108461487605,0.8725670609624944,0.21792033785078013,Neutral
2025-12-08,USDJPY,-5,Bearish,0.32444818759883,0.28968518015371164,0.35277723915907905,1.5037972127120822,0.8626215845762656,1.8166642797181474,1.566240964712257,Bearish
2025-12-08,USDCAD,-8,Bearish,0.10408171987567065,-0.3267212991576955,-0.4828481873460618,-0.32021565311860856,-0.1380661807738944,-0.0115722948748262,-1.160141948888198,Bearish
2025-12-01,AUDUSD,8,Bullish,-0.11137945575823689,0.8200064505827588,1.2837478522698273,1.465392259573634,2.2011408160396604,2.0194509180252846,7.780157952845239,Bullish
2025-12-01,NZDUSD,4,Bullish,-0.1780841474872149,0.6588354944700294,0.6901111397198408,1.1488656292296153,1.2601383484921502,0.05050860849147277,3.995157158558793,Bullish
2025-12-01,AUDJPY,4,Bullish,-0.37593134149699864,0.28097564531668545,0.9055784249424631,1.4361965018987777,2.2556179257054025,4.145089136830837,7.726277526825749,Bullish
2025-12-01,NZDJPY,3,Neutral,-0.40481702224522775,0.13196140792166028,0.32653772324210933,1.1238774385921295,1.3162184213415904,2.142625991918164,3.968781788967371,Neutral
2025-12-01,CADJPY,3,Neutral,-0.45067901945577954,-0.403197388168488,0.5994128711040505,1.4371567348414755,2.1476722482306325,2.6978125022430044,1.927264785288487,Neutral
2025-12-01,EURUSD,-1,Neutral,0.053401068535138915,0.563511256404763,0.33408292116278077,1.1737651452448439,1.4775049154774216,0.35393492509002505,1.4978090354361353,Neutral
2025-12-01,GBPJPY,-1,Neutral,-0.46021633471940065,0.29502809796689183,0.26789958725486307,0.9427194432253863,2.098113104896489,3.528657871263464,1.9125673971628014,Neutral
2025-12-01,USDCHF,-2,Neutral,0.15684300022355266,-0.44564365024018376,0.18796081766702585,-0.8962584348835928,-1.8223956134116457,-0.2900397238156439,-3.685866152280389,Neutral
2025-12-01,EURJPY,-3,Neutral,-0.1818850212007988,0.03813663764255688,-0.04146863761353895,1.1454488001510281,1.5484605232235338,2.4517783685212216,1.462773293590025,Neutral
2025-12-01,USDJPY,-4,Bearish,-0.23792195967920998,-0.5265245358672271,-0.37709549279144317,-0.025648560700827105,0.05451664695318878,2.08494126127311,-0.03077631568260254,Bearish
2025-12-01,CHFJPY,-4,Bearish,-0.41293409399836667,-0.07977689828645954,-0.5618032739583658,0.8775222948009158,1.8910198981525677,2.3764191218943362,3.7727153258835586,Bearish
2025-12-01,USDCAD,-6,Bearish,0.2190490120564426,-0.11667993072763799,-0.9649625690645689,-1.4431514521373343,-2.0201253039882126,-0.593443702381438,-1.926349559179757,Bearish
2025-12-01,GBPUSD,-9,Very Bearish,-0.22984198374872122,0.8236207004908733,0.6406529035794555,0.9664852265276564,2.0485352221787836,1.412492303935613,1.946332207428451,Very Bearish
2025-11-24,USDCHF,6,Bullish,-0.007414924976216592,-0.6405581212555458,-0.6591028043968589,-0.47238084175024364,-1.5877889895145147,-1.6286005596867923,-4.757190321296954,Bullish
2025-11-24,AUDJPY,6,Bullish,0.21135205412722338,0.6656497154282102,0.8789683608612163,1.792506533641709,2.9262803281720986,4.225963601484211,7.115699991598662,Bullish
2025-11-24,USDJPY,5,Bullish,0.1601857293592522,-0.286559989794234,-0.48504655650347345,-0.8603129605924018,0.6305468897976911,-0.005112621309113467,-2.2586294961243896,Bullish
2025-11-24,AUDUSD,5,Bullish,0.052628151763135324,0.9665280896534308,1.375646023014348,2.677053701559457,2.287064893112095,4.24922980830477,9.60638090053722,Bullish
2025-11-24,USDCAD,3,Neutral,0.1021702120209513,-0.3909279279652641,-0.8882803408526831,-1.8446713371196644,-2.1589800638682233,-1.9801906506305669,-3.2416629149279896,Neutral
2025-11-24,GBPJPY,3,Neutral,0.2270938589180517,0.8425821657407424,0.5950171413478579,0.8645107770684874,2.7640906757373336,3.0745117705111706,1.230485841062258,Neutral
2025-11-24,CADJPY,3,Neutral,0.05576976516920797,0.08222711746151623,0.39940650428097807,1.0012134693797154,2.8174300625114146,2.012323567035827,1.0138073063333823,Neutral
2025-11-24,NZDJPY,2,Neutral,0.1751325793102874,1.354442484933913,1.6944695239812333,2.0265403294279825,3.1671883191037935,2.9875006442206598,5.330199311894248,Neutral
2025-11-24,NZDUSD,-2,Neutral,0.011234571047512253,1.6713601264048523,2.1953286271311705,2.9005899742603023,2.524677829030641,3.0072228310269544,7.762568278158636,Neutral
2025-11-24,EURJPY,-2,Neutral,0.26454310038420525,0.5329790295008716,0.32278320329028654,0.28118071187989774,2.3720613374405497,1.5634446456679587,0.6616454817798689,Neutral
2025-11-24,CHFJPY,-3,Neutral,0.17436409835496158,0.355123699820603,0.17957816616194436,-0.38323398381323365,2.251673916610043,1.6305067388675911,2.6077191359675296,Neutral
2025-11-24,EURUSD,-7,Bearish,0.10828438194873558,0.8214302177963253,0.8155772879387689,1.1523849135294357,1.742163418981207,1.5697350694608105,2.9914065522772817,Bearish
2025-11-24,GBPUSD,-9,Very Bearish,0.0747130266094158,1.13483152613008,1.0949354252980783,1.7426030644720263,2.1430022621444165,3.0862269156955247,3.5742464342916773,Very Bearish
2025-11-17,AUDUSD,10,Very Bullish,-0.6168755276875503,-0.6580869331652641,-1.0807114017370283,0.2800678578590616,1.7495642101433155,2.4873733618306657,8.29321828322974,Very Bullish
2025-11-17,AUDJPY,6,Bullish,-0.17626519060529425,0.8862669086072807,0.2673631147542222,1.1486815128027412,2.60137533840635,3.430209304620186,8.216068743046586,Bullish
2025-11-17,NZDJPY,2,Neutral,0.0444470417541302,0.45479298427230425,0.23024454656277663,1.9286154942161449,3.074168207224962,3.2702187079694562,6.363771077994253,Neutral
2025-11-17,CADJPY,2,Neutral,0.19044773760804534,1.378438667574325,0.8116480454406669,1.2142963248070044,2.668904401061376,3.3880476782168016,3.364475221556531,Neutral
2025-11-17,EURUSD,1,Neutral,-0.21326692706168465,-0.6428078653827957,-0.9275058709983458,-0.11949311028773793,1.0528694664775795,1.3562462886115254,2.3612897743332124,Neutral
2025-11-17,USDCHF,1,Neutral,0.24676179086189678,1.4025266912540457,1.8117026608594888,1.1406588734175724,0.2341771871677265,-0.7025240572672259,-3.2368921446933756,Neutral
2025-11-17,USDCAD,1,Neutral,0.23042152614632924,0.1733518899650473,0.5450060964419875,-0.3481154264218384,-1.7862430457276517,-2.361208362593817,-3.3256690566578775,Neutral
2025-11-17,USDJPY,0,Neutral,0.44505498681605543,1.5570705929581854,1.3604144870688961,0.8687692869417207,0.8428978994229822,0.9237595577799093,-0.06663782416596856,Neutral
2025-11-17,NZDUSD,0,Neutral,-0.378862019460571,-1.0903098688095751,-1.1119726278491306,1.0589445458570053,2.2199760250065736,2.3324270606607658,6.437451644689589,Neutral
2025-11-17,GBPJPY,0,Neutral,0.4163819975714238,0.7973660119952581,0.8770058482058871,1.4772413246811933,2.433887009097709,3.606348623401765,3.535065081581137,Neutral
2025-11-17,EURJPY,-3,Neutral,0.23169183651494957,0.8972524082973943,0.42217493902186665,0.7463208521038168,1.900318375500545,2.3063378590987638,2.287403427387092,Neutral
2025-11-17,CHFJPY,-3,Neutral,0.19088332759389623,0.1651891536557078,-0.45039683659791263,-0.27162748481558213,0.6035112182472699,1.6142558835502714,3.2649085798625417,Neutral
2025-11-17,GBPUSD,-5,Bearish,-0.030263966829750286,-0.7471422472566996,-0.48457674515339466,0.6050528776992428,1.5773858509025427,2.665982821190502,3.6049719865816767,Bearish
2025-11-10,AUDUSD,3,Neutral,0.4995318178255722,0.5229065519379716,0.47063881315016715,-0.6151588359015749,2.0454267332709093,1.6578369754377376,7.99892567888707,Neutral
2025-11-10,AUDJPY,3,Neutral,0.6889195692429467,1.1078798246225656,0.9738918798758864,1.2438588222944833,3.0586616065950993,4.206537946493619,9.367965041687766,Neutral
2025-11-10,USDCAD,2,Neutral,-0.1303053198541049,-0.24565409136719402,-0.18228823815171016,0.36172437627925386,-1.4896195867290087,-1.8050652447589903,-2.879559975291986,Neutral
2025-11-10,USDJPY,1,Neutral,0.21388711787679068,0.582507841089242,0.4992981038437284,1.866505114650975,0.9901343686471107,2.508821194397013,1.2885406760007463,Neutral
2025-11-10,USDCHF,1,Neutral,-0.239130510239372,-1.1485723472816038,-1.5871826046511697,0.19576502672715482,-0.2775405715041952,-1.3951322983270538,-3.881845895525667,Neutral
2025-11-10,CADJPY,1,Neutral,0.350648953455831,0.848309633364514,0.6921575702086888,1.509423499039324,2.525749519801404,4.369380512983284,4.301810295237752,Neutral
2025-11-10,NZDUSD,0,Neutral,0.2946120857898022,0.6234264590972312,0.8724496178273042,-0.24922441096384035,2.6441365850186354,2.269161304618665,7.374496194161376,Neutral
2025-11-10,GBPJPY,0,Neutral,0.44971777514564193,0.48088820241980357,0.6396996043492145,1.522315655496194,2.399987015467447,4.328484516322388,5.5747354212763645,Neutral
2025-11-10,NZDJPY,-1,Neutral,0.5038272604340919,1.1821474800525948,1.3797568771402762,1.6131782386684932,3.6724102756886485,4.83145895051372,8.759252085372479,Neutral
2025-11-10,EURUSD,-2,Neutral,0.11557557451913818,0.4184761063092884,0.6190914285200905,-0.31415655182462665,0.8346080689967179,1.4225337466323589,2.358497629058789,Neutral
2025-11-10,GBPUSD,-2,Neutral,0.23052411378376375,-0.11290828913556132,0.13291758266328052,-0.35230325018592046,1.3841605670521313,1.7831491453374038,4.221570907321688,Neutral
2025-11-10,EURJPY,-2,Neutral,0.3272042265340147,0.9996417390428564,1.1184719744802014,1.5453688218783066,1.8308948128127316,3.9540872556634925,3.6702455810543286,Neutral
2025-11-10,CHFJPY,-2,Neutral,0.4544099212579259,1.7473479876989928,2.1176384679981015,1.657703854729745,1.268116986394205,3.946703856651377,5.372010340942356,Neutral
2025-11-03,AUDUSD,5,Bullish,-0.07064373213076902,-0.5468378506894912,-0.66155423859661,-0.19402895646331872,0.08549548865374974,1.5521405925004002,6.8762357872514555,Bullish
2025-11-03,AUDJPY,3,Neutral,-0.10997945019345996,-0.6311440123034265,-0.908568290405013,0.05647511666749188,1.2058053486947262,2.659319584831166,5.669388120722648,Neutral
2025-11-03,USDCAD,2,Neutral,0.2853966625754765,0.6200322021745398,0.20262873852701846,0.019971132017858342,-0.32821381699536534,-1.7666286466666157,-3.024529279227556,Neutral
2025-11-03,GBPJPY,2,Neutral,0.010864745595803586,-0.705613238413732,-0.19405098669897458,0.4444072742560908,1.9282135668424842,2.889110654269404,4.0643114580496125,Neutral
2025-11-03,NZDJPY,2,Neutral,-0.28221211895073056,-1.0540669338037216,-1.917729754138386,-0.5644328851657996,1.3532968689725866,2.492383705752273,4.138096465595,Neutral
2025-11-03,GBPUSD,1,Neutral,0.00394800791235241,-0.625346301556105,0.060463514280670684,0.19346146358552632,0.7996848854374324,1.7738989482416163,5.250496564098631,Neutral
2025-11-03,USDJPY,1,Neutral,0.005828610740239501,-0.0791266069252208,-0.2451480031713976,0.25292608134088523,1.1238927123959608,1.0979558893905828,-1.1297411146837053,Neutral
2025-11-03,USDCHF,1,Neutral,0.40129647694261417,0.6000748964323929,0.2720827287893844,-1.3194183256033907,-0.19380951439431085,-1.0883309151575375,-5.180768545216407,Neutral
2025-11-03,CADJPY,1,Neutral,-0.27543077713367653,-0.6817561907427657,-0.45268710931949147,0.23633715279268358,1.4535033109602031,2.911549166526287,1.9489111451227878,Neutral
2025-11-03,NZDUSD,0,Neutral,-0.2756517514134886,-0.9399197708213883,-1.6701584013323272,-0.8122800740945575,0.2380628762207401,1.389663528011211,5.3297879597906315,Neutral
2025-11-03,CHFJPY,-1,Neutral,-0.3974238192677581,-0.675169598989743,-0.5055586597652835,1.6013739035753327,1.3253966471029757,2.214549592976764,4.268936303368974,Neutral
2025-11-03,EURJPY,-2,Neutral,-0.07032546818974415,-0.34712039871243955,-0.10238914295643048,1.0149376376548929,1.768833180984378,2.934543059583665,3.072944817170952,Neutral
2025-11-03,EURUSD,-3,Neutral,-0.07718380054316135,-0.2713221541601645,0.13736731061298973,0.7573091683786738,0.6369111258111461,1.8181521118569477,4.2470324204018794,Neutral
